220001,鷹原 羽依里,たかはら はいり,男,1983/05/21
220002,鳴瀬 しろは,なるせ しろは,女,1983/05/21
220003,空門 蒼,そらかど あお,女,1983/09/20
220004,久島 鴎,くしま かもめ,女,1983/04/04
220005,紬 ヴェンダース,つむぎ ヴェンダース,女,1983/08/31
220006,野村 美希,のむら みき,女,1984/02/02
220007,水織 静久,みずおり しずく,女,1982/04/29
220008,鷹原 羽未,たかはら うみ,女,2008/09/01
220009,神山 識,かみやま しき,女,2006/07/04
220010,三谷 良一,みたに りょういち,男,1984/02/09
220011,加納 天善,かのう てんぜん,男,1983/10/10
220012,平良 明,たいら あきら,男,2007/07/21
220013,藤川 みあ,ふじかわ みあ,女,2009/04/02
220014,昼田 貴理子,ひるだ きりこ,女,2007/09/13
220015,町村 玲央奈,まちむら れおな,女,2007/02/24
220016,西門 貴明,さいもん たかあき,男,2001/03/05
220017,霧島 譲,きりしま じょう,男,2004/06/06
220018,堀井 佐奈,ほりい さな,女,2004/12/27
220019,利田 美咲,りた みさき,女,2004/05/08
