名前,ふりがな,性別,年齢,誕生日
望月 竜也,もちづき たつや,男,58,1963/12/14
河本 あき,こうもと あき,女,42,1980/3/7
青柳 徹,あおやぎ とおる,男,47,1974/8/24
吉岡 ひろ子,よしおか ひろこ,女,46,1975/11/10
伊藤 光臣,いとう みつおみ,男,21,2001/4/2
川野 たかお,かわの たかお,男,58,1964/6/5
滝川 浩介,たきがわ こうすけ,男,53,1968/9/1
古田 しぼり,ふるた しぼり,女,31,1991/2/23
内山 美希,うちやま みき,女,35,1986/8/7
岡崎 勇,おかざき ゆう,女,33,1989/4/30
小野 樹里,おの じゅり,女,29,1993/2/3
玉木 信輔,たまき しんすけ,男,54,1968/5/25
北川 季衣,きたがわ としえ,女,42,1980/1/3
長尾 英嗣,ながお ひでつぐ,男,50,1972/5/25
沢田 法嗣,さわだ ほうし,男,23,1998/10/16
相馬 未來,あいば みらい,女,45,1977/3/31
福本 高史,ふくもと たかし,男,60,1962/2/22
稲田 晴臣,いなだ はるおみ,男,54,1967/10/19
緒方 花緑,おがた かろく,男,53,1969/4/24
前田 文世,まえだ ふみよ,女,50,1972/3/16
渡部 勇太,わたべ ゆうた,男,58,1964/4/27
目黒 悟志,めぐろ さとし,男,26,1995/11/29
香川 まさし,かがわ まさし,男,31,1991/2/6
手塚 優一,てづか ゆういち,男,26,1996/6/18
金丸 努,かなまる つとむ,男,35,1987/3/31
岡島 涼,おかじま りょう,女,39,1982/7/11
福士 さんま,ふくし さんま,男,60,1961/7/4
大河内 郁恵,おおこうち いくえ,女,60,1961/7/27
笠原 三省,かさはら さんせい,男,26,1995/10/8
大橋 大,おおはし まさる,男,37,1984/11/25
工藤 夏希,くどう なつき,女,34,1987/9/10
工藤 りえ,くどう りえ,女,39,1983/1/5
矢部 貴美子,やべ きみこ,女,50,1972/2/11
本間 くるみ,ほんま くるみ,女,30,1992/1/5
栗林 マサカズ,くりばやし まさかず,男,22,1999/10/14
塩見 薫,しおみ かおる,男,23,1998/9/8
横田 マサカズ,よこた まさかず,男,22,2000/5/6
唐沢 愛梨,からさわ あいり,女,49,1973/1/12
市川 はるみ,いちかわ はるみ,女,42,1979/12/8
八木 広之,やぎ ひろゆき,男,58,1964/3/21
井手 明慶,いで あきよし,男,43,1978/9/5
森岡 華子,もりおか はなこ,女,35,1987/3/22
岡崎 新太,おかざき あらた,男,36,1985/12/2
藤崎 芽以,ふじさき めい,女,33,1988/10/10
金山 景子,かなやま けいこ,女,51,1971/5/19
竹本 法嗣,たけもと ほうし,男,26,1995/9/13
梅村 景子,うめむら けいこ,女,51,1970/9/4
黒谷 聖陽,くろたに まさあき,男,20,2001/7/15
森山 明慶,もりやま あきよし,男,22,1999/10/30
松木 亜希,まつき あき,女,60,1961/9/29
